addr,nodes,edges,tokens
34E9iH4xU9LrGk8QYbE5vwPsi9K9wAnciM,466,465,22269
12grkTfkHXH2qsRzGWGGKSKyrbHwLXykfP,229,287,11212
125Nm1xrEzKU6zRHcGN7PbtpHhkc6gVzvT,1028,1029,43955
33x5kkTW6zywpPxgkiicLG5LPARv7PBf8b,1188,1187,57097
13ddG6oAHqTGhF6Shmh5HLnnabyMooudsX,730,729,35035
115jPaqUqef4nVZ76bUKVnJ7dnWHs6tcNJ,1986,2027,87920
bc1qt264dhaa06sup6wu5qehm0c9t8vpcawwjg65fv,1555,2582,76405
35A5LSNzKKJPfdT9BeTtWXRWUaZxEY28jx,2307,2308,111843
34sy12q8rXxSZphNTKVE53m1Nu3CVgNQh6,385,384,18349
bc1qrkhp50tu5x30k7hndkedgv45tdcphfwkm50925,987,1573,48974
12YfqqLP4qAeENmnuW7sB8oC8T6TFLawE5,51,50,2512
bc1qm5w382zdg0zvvyl7tccntm46mtadp6r3nwqfuw,2311,2762,113451
13DaGsSqXkxBuavv94CM5B3N93aqX9Ww6Y,12,11,560
1122NYbAT2KkZDZ5TFvGy4D2Ut7eYfx4en,148,148,7187
35PLaPC7pJPGd74QxNgiJ7pmYTPybSzjT8,2529,2528,122458
12a6a1DtbpgsBr5q5YCNXqntpuf2NVK48A,1332,1331,62368
125WP4yG484KXqi2SWLGpm8spizYF6n2Be,1565,1566,68494
12VS3Tse8VCWm9E6LNZGxnDy4arFQnPmsz,1747,1746,84351
123YUvzxNt6VoqyCXgutGHfgWKCMzT4dDJ,2067,2070,89921
34eEm1y9qUW42Z3Z6Y5hGMsW6TebReN9Lt,1806,1805,87153
122U7XN8n4K7uDoi9Fk4TByutAuNr4vBxp,156,156,6854
bc1qjpr3gwuz8ghamqerujlh5cqawfakxkfgy7aq2g,28,28,1375
bc1qqjy8ernvaxz88nzvfqrzn9f9s2huz0dqlpqns3,669,669,32174
bc1qqt0uz2kd8a80qju07k3k74nqfmzxuwj49ukcyq,162,177,7821
126QW7Ye3UTdJDHCQBatb7aRqzHnMuaCxT,440,441,19120
bc1qf4dnpsevrk0xruf4jhqkpaxgpnp5qv9q2qkuj2,12,11,580
1AQp51H22WHDzLgK64NoUo3Bg3T183QR22,1791,1790,87173
12GLdZEnectaZamoH8RC8U72kjyp6dWbNM,652,651,31520
123gMx3WHncyuUChBm5CDqwsCCRZ3SKjup,1331,1332,56850
11NT1KhH3aXsRw4LS6PFFrT5fRkdZFmne,488,487,23494
126ENznymQPNaNtSbzcymchUAY9CULjGws,1943,1946,83329
125xysKVzBXPKvfEupYmUaUdcFg5eJAKoh,2467,2466,106642
33PP8bWg5aBLrqTnVvjTVnn5zBZaMg3vZ7,125,124,6068
13JyWXNJoiYux8W2WCvQTv8byJ8Hxe9yPK,21,20,1007
321X5RXmLNpKDF7LYPNPD6ModdPRupKJ9H,598,602,25918
127C96fiw4uYgo4oEZNCHg3EVyNcZbR4ZC,181,180,7859
11WWBY322tkGaDbhDzVDRewFhpdfHDoMp,69,68,3060
bc1q95zg4y65mxjtal67z4u3kmpay0p9ft9khqqk8g,599,663,28859
bc1qcv5jxxd6nc2rv46gmledz855rjdxadg5e6vz8c,35,37,1696
34EWZnjWmBR7AZTtbpULuHUCUjt4WAHTjx,1845,1846,89183
1164VJYmR8nP8z1NSPHqQreVWCMq2QdqUJ,171,170,8213
114XMakEEMnhCtBH48F3hm5PY9E9WpQURt,2120,2162,94115
1A88teD6QqXRHBMCyCkoxxBQHpJAztUz6e,14,13,675
bc1qjzm5g408stvqp39a5zarefew73gzsjk5yksd3k,59,61,2794
bc1ql27sfv5eeccf8emjvc9qvls26433fl5awwjul4,169,174,8169
bc1qqxf0rxke0gg4ngn5u7e5aw0p5d45z4k297j4zp,19,18,924
35QtPzbGrrcV2JoCn57tN2TZgHcHtMiLEL,1112,1111,53283
11TnFCrDxQ9YQkWgrcb4hWYo2igLEh8GC,1648,1648,69716
122xuaAKMHg7qQ9Guz1z3yea4aevLjdCtT,2402,2401,105582
121sPsEX3QYVhgydpLQP7uv1zRUy5Z13hR,49,48,2200
