address,label
355YqeoSfVAUFDUKRpBiz6mjg5dm7k6r9K,blackmail
358oknekZvh4UZEgh5ENZHjSZ59wDxMtGc,blackmail
31zJQ1vDD7rDRYmmY5UJrDa5AgvNaFcx97,darknet market
329Etf8LZ1eHWurAAneiTgVbAGyrnWPsgg,darknet market
bc1qahshsj0slf9wv3k8cmv50n06c0e7cu0x0843s4,exchange
18HTqCQL4SzGws3FbgPbyVqiFcLssuAGco,exchange
124j93Nd2idy2a5ojinYd5wpXnjv8mDQDJ,gambling
11e1zGYh8Rynqxti2BC27dcyKipC3Sewn,gambling
3N6WeZ6i34taX8Ditser6LKWBcXmt2XXL4,money laundering
149w62rY42aZBox8fGcmqNsXUzSStKeq8C,money laundering
1AQp51H22WHDzLgK64NoUo3Bg3T183QR22,ponzi
1A88teD6QqXRHBMCyCkoxxBQHpJAztUz6e,ponzi
34rMVuLTvsqmkTuzLwTyHV6X3rBvuuHhK7,pool
bc1q92y077wksdjkuwlaspqr2ehklctvmz6paa8fde,pool
14xoVX6MUDk3akdtE8ymgaR7fHcEMLHk3V,tumbler
1EQYMsAjmmGvfNEeEwPswNJ1BaaPBGNn6X,tumbler
